model,command_number
2scxlb3tbo5bmvmwplglqils7a5uarmx-talks/scc_mp.als, 1
3zltn65gds66b6f4q3lvbtgdkb6snmuu-alloy/hc-atd/converge.als, 1
3zltn65gds66b6f4q3lvbtgdkb6snmuu-alloy/hc-jwb/hc4.als, 1
5x4l2fj5nfbq3cz2dumwdt57g3kig3rd-litmustestgen/tso_perturbed.als, 1
7d25ioxqmue65lp6ntzz735gpbg4fmgq-amazon-snapshot-spec/textbookSnapshotIsolation.als, 1
7z32luflamhdcixvt6nwznnud4oi6dbr-MSV/CaseStudies/ETL_SCD/etl_scd.als, 8
7z32luflamhdcixvt6nwznnud4oi6dbr-MSV/CaseStudies/OLAPUsagePrefs/OLAPUsagePrefs.als, 4
7z32luflamhdcixvt6nwznnud4oi6dbr-MSV/Puzzles/FarmerCrossing/farmer_pt.als, 1
7z32luflamhdcixvt6nwznnud4oi6dbr-MSV/Systems/ElevatorSPL/elevator_spl_events.als, 14
7z32luflamhdcixvt6nwznnud4oi6dbr-MSV/Systems/HotelLocking/HotelExact.als, 1
gumxtrzzbkrtwi7jtwyu7eibi3fwhgmf-models/algorithms/discovery/INSLabel.als, 2
gumxtrzzbkrtwi7jtwyu7eibi3fwhgmf-models/algorithms/distributed-hashtable/chord2.als, 1
gumxtrzzbkrtwi7jtwyu7eibi3fwhgmf-models/algorithms/distributed-hashtable/chordbugmodel.als, 4
gumxtrzzbkrtwi7jtwyu7eibi3fwhgmf-models/algorithms/gc/marksweepgc.als, 2
gumxtrzzbkrtwi7jtwyu7eibi3fwhgmf-models/algorithms/multicasting/iolus.als, 1
gumxtrzzbkrtwi7jtwyu7eibi3fwhgmf-models/algorithms/mutex/dijkstra-2-process.als, 3
gumxtrzzbkrtwi7jtwyu7eibi3fwhgmf-models/algorithms/mutex/dijkstra-K-state.als, 2
gumxtrzzbkrtwi7jtwyu7eibi3fwhgmf-models/algorithms/mutex/peterson.als, 3
gumxtrzzbkrtwi7jtwyu7eibi3fwhgmf-models/models/file-system/file_system.als, 1
gumxtrzzbkrtwi7jtwyu7eibi3fwhgmf-models/models/java/java-map.als, 1
gumxtrzzbkrtwi7jtwyu7eibi3fwhgmf-models/models/java/javatypes.als, 1
gumxtrzzbkrtwi7jtwyu7eibi3fwhgmf-models/models/java/javatypes_soundness.als, 1
gumxtrzzbkrtwi7jtwyu7eibi3fwhgmf-models/models/microsoft-com/com.als, 1
gumxtrzzbkrtwi7jtwyu7eibi3fwhgmf-models/paper-examples/jackson-cacm-2019/origin-tracking.als, 1
gumxtrzzbkrtwi7jtwyu7eibi3fwhgmf-models/puzzles/farmer-chicken-fox/farmer.als, 1
gumxtrzzbkrtwi7jtwyu7eibi3fwhgmf-models/puzzles/halmos-handshake/handshake.als, 4
gumxtrzzbkrtwi7jtwyu7eibi3fwhgmf-models/puzzles/tower-hanoi/hanoi.als, 1
gumxtrzzbkrtwi7jtwyu7eibi3fwhgmf-models/simple-models/4-bit-adder/4-bit-adder.als, 1
gumxtrzzbkrtwi7jtwyu7eibi3fwhgmf-models/simple-models/genealogy/genealogy.als, 1
gumxtrzzbkrtwi7jtwyu7eibi3fwhgmf-models/simple-models/no-solution/trivial.als, 1
gumxtrzzbkrtwi7jtwyu7eibi3fwhgmf-models/simple-models/state-machine/reset-flipflop-with-enable.als, 1
gumxtrzzbkrtwi7jtwyu7eibi3fwhgmf-models/utilities/time/overlapping-ranges.als, 1
gumxtrzzbkrtwi7jtwyu7eibi3fwhgmf-models/utilities/trace/trace.als, 1
lkicptlz3eklrbu7ppmltlkebwrvzhdq-zigbee-alloy-svn-to-git/trunk/base/random_event.als, 1
lkicptlz3eklrbu7ppmltlkebwrvzhdq-zigbee-alloy-svn-to-git/trunk/base/util.als, 1
